date,id,emailAddress,firstName,lastName,school,where,otherReference
11/6/2024,A01,tkirkland0@berkeley.edu,Tina,Kirkland,Gibson Southern,,
11/6/2024,C01,apaddington1@bigcartel.com,Alla,Paddington,Mater Dei,other,
11/6/2024,B03,dgunning2@google.cn,Drake,Gunning,Mater Dei,counselor,
11/6/2024,A02,oweich3@instagram.com,Olivette,Weich,Mater Dei,meeting,
11/6/2024,C02,rkeddy4@tripadvisor.com,Roze,Keddy,Reitz,counselor,
11/6/2024,A03,vwhitticks5@sciencedirect.com,Vick,Whitticks,Mater Dei,relative,
11/6/2024,B04,kdracksford6@tuttocitta.it,Kelvin,Dracksford,Mater Dei,counselor,
11/6/2024,A04,rshurville7@pbs.org,Roberta,Shurville,Mater Dei,counselor,
11/6/2024,C03,tbrandacci8@fema.gov,Tabb,Brandacci,Reitz,relative,
11/6/2024,A05,hroache9@independent.co.uk,Hilarius,Roache,Mater Dei,counselor,
11/6/2024,B05,poglesa@yellowbook.com,Parrnell,Ogles,Gibson Southern,counselor,
11/6/2024,C04,hcustardb@mapquest.com,Hermina,Custard,Reitz,meeting,
11/6/2024,A06,mwhitterc@surveymonkey.com,Moyna,Whitter,North,facebook,
11/6/2024,C05,rgoslingd@hexun.com,Randene,Gosling,ECS,meeting,
11/6/2024,B06,chellyere@harvard.edu,Cosmo,Hellyer,Central,counselor,
11/6/2024,A07,rsevillef@dailymail.co.uk,Raymond,Seville,Castle,counselor,
11/6/2024,C06,bblinckhorneg@tiny.cc,Brynna,Blinckhorne,Reitz,counselor,
11/6/2024,B07,vwitth@shinystat.com,Van,Witt,Castle,counselor,
11/6/2024,C07,wmacdermidi@ftc.gov,Wilhelmina,MacDermid,ECS,counselor,
11/6/2024,A08,lleyesj@nhs.uk,Lianne,Leyes,Mater Dei,counselor,
11/6/2024,B08,aesbrookk@mayoclinic.com,Ardenia,Esbrook,Reitz,relative,
11/6/2024,C08,bchavesl@sakura.ne.jp,Braden,Chaves,Central,meeting,
11/6/2024,A09,rhammerichm@mail.ru,Rowe,Hammerich,Mt. Vernon,student,
11/6/2024,B09,eoakeshottn@symantec.com,Eugine,Oakeshott,NTI,meeting,
11/6/2024,C09,aterramo@va.gov,Ave,Terram,Central,student,
11/6/2024,B0A,xmaileyp@foxnews.com,Xylina,Mailey,North Posey,counselor,
11/6/2024,A0A,ggeardq@ftc.gov,Gisela,Geard,North Posey,meeting,
11/6/2024,C0A,llongcasterr@icio.us,Lyn,Longcaster,North,counselor,
11/6/2024,A0B,rbiddwells@e-recht24.de,Raul,Biddwell,Harrison,relative,
11/6/2024,B0B,fkubalt@list-manage.com,Felice,Kubal,Harrison,counselor,
11/6/2024,C0B,hcausticu@mtv.com,Heinrick,Caustic,NTI,counselor,
11/6/2024,B0C,lmcnicolv@amazon.de,Leeann,McNicol,NTI,counselor,
11/6/2024,A0C,dspaughtonw@zimbio.com,Dedie,Spaughton,NTI,,
11/6/2024,C0C,dwildesx@time.com,Diandra,Wildes,NTI,other,school
11/6/2024,C0D,bcromey@rediff.com,Brandyn,Crome,Reitz,relative,
11/6/2024,A0D,iboylanz@google.it,Inessa,Boylan,Gibson Southern,counselor,radio
11/6/2024,B0D,sczaple10@ca.gov,Sonnnie,Czaple,Reitz,relative,
11/6/2024,C0E,grosoni11@moonfruit.com,Giovanni,Rosoni,Day School,website,
11/6/2024,A0E,rredgrove12@lycos.com,Ruddie,Redgrove,Mater Dei,counselor,
11/6/2024,B0E,avaugham13@istockphoto.com,Annamarie,Vaugham,Mater Dei,counselor,school visit
11/6/2024,C0F,epinck14@fotki.com,Eugenius,Pinck,NTI,meeting,
11/6/2024,B0F,hbetancourt15@bravesites.com,Hewet,Betancourt,Boonville,counselor,
11/6/2024,C10,cbrucker16@altervista.org,Carmita,Brucker,Mater Dei,counselor,
11/6/2024,A0F,rbroadley17@shareasale.com,Ray,Broadley,Gibson Southern,relative,
11/6/2024,B10,sdibiagio18@blogspot.com,Symon,Di Biagio,Gibson Southern,relative,
11/6/2024,C11,skerr19@woothemes.com,Siouxie,Kerr,Gibson Southern,relative,
11/6/2024,B11,olevet1a@umn.edu,Osbert,Levet,ECS,posters,
11/6/2024,C12,naldis1b@state.tx.us,Neall,Aldis,Gibson Southern,counselor,
11/6/2024,A10,mceccoli1c@who.int,Maudie,Ceccoli,Mater Dei,meeting,
11/6/2024,B12,cbinks1d@digg.com,Chancey,Binks,Mater Dei,relative,
11/6/2024,A11,rwoodwind1e@yale.edu,Robbi,Woodwind,Mater Dei,counselor,
11/6/2024,C13,fbaumaier1f@ask.com,Friederike,Baumaier,Reitz,counselor,
11/6/2024,A12,swickey1g@networksolutions.com,Simon,Wickey,Gibson Southern,relative,
11/6/2024,C14,lwashtell1h@google.com.br,Lonnie,Washtell,Central,counselor,
11/6/2024,B13,bdixey1i@opensource.org,Bernelle,Dixey,Boonville,relative,
11/6/2024,C15,pcivitillo1j@studiopress.com,Paulette,Civitillo,Reitz,relative,
11/6/2024,A13,orobus1k@mtv.com,Ola,Robus,Wood Memorial,meeting,
11/6/2024,B14,cfolder1l@pagesperso-orange.fr,Candida,Folder,Mater Dei,counselor,
11/6/2024,C16,roxenford1m@springer.com,Ruddie,Oxenford,Mater Dei,counselor,
11/6/2024,A14,opruckner1n@nbcnews.com,Orelia,Pruckner,Mater Dei,counselor,
11/6/2024,B15,fkennerley1o@canalblog.com,Fidel,Kennerley,North,relative,
11/6/2024,C17,mdufray1p@forbes.com,Marlow,Du Fray,Virtual Academy,counselor,
11/6/2024,A15,ghannen1q@addthis.com,Gayle,Hannen,Castle,counselor,
11/6/2024,B16,cworg1r@dmoz.org,Carleen,Worg,Boonville,counselor,
11/6/2024,C18,dmcbrier1s@nifty.com,Dorotea,McBrier,Other,other,
11/6/2024,A16,fvanderbeken1t@dailymail.co.uk,Fonsie,Van der Beken,NTI,counselor,
11/6/2024,B17,ftimoney1u@army.mil,Felizio,Timoney,NTI,counselor,
11/6/2024,C19,fashwin1v@washingtonpost.com,Frederik,Ashwin,Other,other,
11/6/2024,B18,vsellwood1w@chicagotribune.com,Vittoria,Sellwood,Mt. Vernon,relative,
11/6/2024,A17,cplet1x@google.fr,Cilka,Plet,Reitz,relative,
11/6/2024,C1A,bplante1y@alexa.com,Brooke,Plante,Castle,counselor,
11/6/2024,B19,iolek1z@sakura.ne.jp,Ilsa,Olek,Memorial,counselor,
11/6/2024,C1B,bkenset20@github.io,Bride,Kenset,North,meeting,
11/6/2024,A18,odavidov21@wired.com,Othello,Davidov,Reitz,relative,
11/6/2024,B1A,dwattins22@ow.ly,Delainey,Wattins,Central,relative,
11/6/2024,B1B,tbyrch23@dmoz.org,Twila,Byrch,Gibson Southern,relative,
11/6/2024,A19,tvivien24@tripod.com,Tessi,Vivien,Mater Dei,relative,
11/6/2024,C1C,jcicullo25@fda.gov,Job,Cicullo,Gibson Southern,relative,
11/6/2024,A1A,acolam26@infoseek.co.jp,Augie,Colam,Castle,meeting,
11/6/2024,C1D,egaishson27@dmoz.org,Elladine,Gaishson,NTI,counselor,
11/6/2024,B1C,dblant28@purevolume.com,Derward,Blant,NTI,relative,
11/6/2024,A1B,celderidge29@tinyurl.com,Clint,Elderidge,NTI,website,New Tech
11/6/2024,B1D,pcattlemull2a@comsenz.com,Pansie,Cattlemull,Reitz,counselor,
11/6/2024,C1E,rluna2b@purevolume.com,Rochette,Luna,NTI,other,Field trip
11/6/2024,A1C,crapley2c@hostgator.com,Catriona,Rapley,Tecumseh,counselor,
11/6/2024,B1E,etansly2d@whitehouse.gov,Ellissa,Tansly,North,other,Presentation
11/6/2024,C1F,cbouskill2e@netvibes.com,Camel,Bouskill,Reitz,counselor,
11/6/2024,A1D,hmalbon2f@twitpic.com,Hertha,Malbon,Central,meeting,
11/6/2024,B1F,cnetley2g@virginia.edu,Conan,Netley,Reitz,,
11/6/2024,C20,jyarmouth2h@unesco.org,Jeanette,Yarmouth,NTI,relative,
11/6/2024,A1E,esnell2i@squarespace.com,Ermentrude,Snell,North,facebook,
11/6/2024,B20,gollington2j@networkadvertising.org,Gae,Ollington,Castle,counselor,
11/6/2024,A1F,bundrill2k@ucoz.com,Bondon,Undrill,Castle,relative,
11/6/2024,C21,mkemston2l@imdb.com,Mitchael,Kemston,Mater Dei,student,
11/6/2024,B21,asalla2m@si.edu,Augusto,Salla,Mater Dei,counselor,
11/6/2024,C22,fbonham2n@webeden.co.uk,Fernande,Bonham,North Posey,counselor,
11/6/2024,A20,emeade2o@redcross.org,Elvyn,Meade,North,relative,
11/6/2024,B22,ddowning2p@earthlink.net,Dari,Downing,Central,relative,
11/6/2024,C23,jstucke2q@amazon.de,Jacquelynn,Stucke,Central,relative,
11/6/2024,B23,dboughtflower2r@spiegel.de,Derrick,Boughtflower,North,counselor,
11/6/2024,C24,asamways2s@themeforest.net,Alyson,Samways,Castle,posters,
11/6/2024,A21,eclooney2t@weather.com,Ekaterina,Clooney,Castle,counselor,
11/6/2024,A22,akinnie2u@over-blog.com,Ashlin,Kinnie,Castle,relative,
11/6/2024,B24,mbarraclough2v@bandcamp.com,Melany,Barraclough,Memorial,counselor,
11/6/2024,C25,dbowie2w@hud.gov,Dario,Bowie,Castle,counselor,
11/6/2024,A23,lkenworth2x@nasa.gov,Lynn,Kenworth,NTI,counselor,
11/6/2024,C26,abummfrey2y@netscape.com,Allegra,Bummfrey,Harrison,counselor,
11/6/2024,B25,rgrigorkin2z@reddit.com,Rodd,Grigorkin,Bosse,counselor,
11/6/2024,A24,lkoschek30@macromedia.com,Lucio,Koschek,Reitz,counselor,
11/6/2024,C27,cduberry31@mac.com,Concettina,Duberry,Bosse,counselor,
11/6/2024,B26,kjerrolt32@sphinn.com,Kellia,Jerrolt,Gibson Southern,counselor,
11/6/2024,A25,ocasetta33@wp.com,Orelle,Casetta,Castle,,
11/6/2024,C28,eantonowicz34@telegraph.co.uk,Ema,Antonowicz,Reitz,counselor,
11/6/2024,B27,dtowns35@mayoclinic.com,Darby,Towns,Mater Dei,counselor,
11/6/2024,A26,rlowey36@liveinternet.ru,Rikki,Lowey,North,relative,
11/6/2024,C29,ecaroll37@infoseek.co.jp,Ellery,Caroll,Castle,counselor,
11/6/2024,A27,mofeeny38@github.io,Meara,O'Feeny,North,counselor,
11/6/2024,B28,istclair39@apache.org,Izak,St Clair,Home School,relative,
11/6/2024,C2A,jdundridge3a@dmoz.org,Jody,Dundridge,Home School,website,
11/6/2024,B29,ggalland3b@liveinternet.ru,Goldie,Galland,Reitz,counselor,
11/6/2024,A28,rphilott3c@howstuffworks.com,Romonda,Philott,Reitz,counselor,
11/6/2024,C2B,bbenson3d@sciencedirect.com,Boniface,Benson,Reitz,website,
11/6/2024,A29,cfraulo3e@aol.com,Clerkclaude,Fraulo,NTI,facebook,
11/6/2024,C2C,mochterlony3f@state.tx.us,Marcellina,Ochterlony,Gibson Southern,relative,
11/6/2024,B2A,varthars3g@theglobeandmail.com,Vasili,Arthars,Gibson Southern,website,
11/6/2024,C2D,lmeyrick3h@jigsy.com,Lyn,Meyrick,Princeton,meeting,
11/6/2024,A2A,dheiner3i@e-recht24.de,Dell,Heiner,Princeton,counselor,
11/6/2024,B2B,mcleverley3j@washingtonpost.com,Monique,Cleverley,South Spencer,counselor,
11/6/2024,A2B,cfriedlos3k@fema.gov,Cobb,Friedlos,ECS,meeting,
11/6/2024,C2E,pswallow3l@smugmug.com,Pattie,Swallow,Reitz,relative,
11/6/2024,B2C,wmacarte3m@cnn.com,Wadsworth,MacArte,Home School,relative,
11/6/2024,A2C,lcapeling3n@blogger.com,L;urette,Capeling,Other,,
11/6/2024,B2D,cpond3o@goo.gl,Coleen,Pond,Castle,counselor,
11/6/2024,C2F,llanda3p@xing.com,Ly,Landa,Tecumseh,counselor,
11/6/2024,C30,dloyley3q@bloglovin.com,Der,Loyley,Gibson Southern,relative,
11/6/2024,A2D,lmacranald3r@omniture.com,Lurlene,MacRanald,Reitz,relative,
11/6/2024,B2E,fcumpton3s@imgur.com,Felic,Cumpton,Castle,counselor,
11/6/2024,C31,jconnelly3t@yandex.ru,Janetta,Connelly,Mater Dei,meeting,
11/6/2024,B2F,pcottham3u@webnode.com,Piotr,Cottham,NTI,,
11/6/2024,A2E,clinke3v@de.vu,Cristine,Linke,Home School,facebook,
11/6/2024,C32,lbjerkan3w@facebook.com,Lauritz,Bjerkan,Boonville,website,
11/6/2024,B30,hwethered3x@smugmug.com,Hayley,Wethered,North,counselor,
11/6/2024,B31,iellcock3y@yahoo.com,Isahella,Ellcock,Other,relative,
11/6/2024,A2F,ocolleymore3z@surveymonkey.com,Owen,Colleymore,Memorial,counselor,
11/6/2024,C33,escare40@360.cn,Erin,Scare,Castle,relative,
11/6/2024,B32,csalzberger41@360.cn,Clemens,Salzberger,Princeton,,
11/6/2024,A30,etoward42@liveinternet.ru,Emmaline,Toward,NTI,meeting,
11/6/2024,C34,bdusting43@sakura.ne.jp,Bernardo,Dusting,Reitz,,
11/6/2024,A31,bocarney44@cpanel.net,Betsy,O'Carney,Castle,counselor,
11/6/2024,B33,cmacalinden45@ning.com,Colline,MacAlinden,Wood Memorial,meeting,
11/6/2024,B34,mpinyon46@craigslist.org,Michaella,Pinyon,North,relative,
11/6/2024,A32,pcarwithen47@umich.edu,Percival,Carwithen,Boonville,counselor,
11/6/2024,B35,mboutflour48@marriott.com,Mace,Boutflour,Castle,meeting,
11/6/2024,B37,shurtado49@sciencedirect.com,Stace,Hurtado,Castle,,
11/6/2024,C35,vbaldacco4a@ibm.com,Vitia,Baldacco,Castle,counselor,
11/6/2024,B38,cephgrave4b@tmall.com,Cullie,Ephgrave,Home School,meeting,Emily Klauss-sister
11/6/2024,C36,msteinham4c@pen.io,Madlen,Steinham,Mater Dei,student,
11/6/2024,A33,mdullard4d@tumblr.com,Marlon,Dullard,Central,meeting,
11/6/2024,C37,lilive4e@businessweek.com,Logan,Ilive,Tecumseh,counselor,
11/6/2024,B39,hhadye4f@ameblo.jp,Humfrid,Hadye,North,meeting,
11/6/2024,A34,mquig4g@tiny.cc,Maximilien,Quig,Castle,counselor,
11/6/2024,B3A,qroobottom4h@trellian.com,Quinlan,Roobottom,Reitz,counselor,
11/6/2024,C38,mmurison4i@jiathis.com,Marietta,Murison,NTI,counselor,
11/6/2024,A35,mroche4j@fema.gov,Mathilde,Roche,Reitz,,
11/6/2024,B3B,arichardes4k@spotify.com,Angeli,Richardes,ECS,counselor,
11/6/2024,C39,nsnar4l@addthis.com,Noe,Snar,North,counselor,
11/6/2024,A36,agieves4m@zdnet.com,Averill,Gieves,North Posey,student,
11/6/2024,B3C,myeulet4n@thetimes.co.uk,Magnum,Yeulet,Mater Dei,counselor,
11/6/2024,C3A,acharlon4o@topsy.com,Alexander,Charlon,Harrison,relative,
11/6/2024,A37,balton4p@comcast.net,Belicia,Alton,Wood Memorial,student,
11/6/2024,B3D,smcilmurray4q@huffingtonpost.com,Standford,McIlmurray,Wood Memorial,student,
11/6/2024,B3E,ahinchshaw4r@goo.gl,Anthony,Hinchshaw,Reitz,instagram,
11/6/2024,A38,sgiacobazzi4s@alibaba.com,Storm,Giacobazzi,Reitz,relative,
11/6/2024,C3B,llonghorne4t@plala.or.jp,Lesley,Longhorne,Mater Dei,counselor,
11/6/2024,C3C,brollingson4u@networksolutions.com,Brian,Rollingson,Princeton,relative,
11/6/2024,B3F,nheninghem4v@webs.com,Nissa,Heninghem,Gibson Southern,counselor,
11/6/2024,B40,amence4w@dyndns.org,Axe,Mence,NTI,posters,
11/6/2024,B41,eferandez4x@mashable.com,Earl,Ferandez,Gibson Southern,website,
11/6/2024,C3D,fezzell4y@weibo.com,Forrest,Ezzell,North,counselor,
11/6/2024,A39,yattoe4z@comcast.net,Yolande,Attoe,North Posey,relative,
11/6/2024,B42,mbellhouse50@dagondesign.com,Mollee,Bellhouse,North,meeting,
11/6/2024,C3E,ahubbock51@github.com,Allison,Hubbock,North,posters,
11/6/2024,B43,agrigorkin52@moonfruit.com,Antoinette,Grigorkin,Reitz,counselor,
11/6/2024,D01,ohoulton53@spotify.com,Oby,Houlton,North,,
11/16/2024,S024,jbert54@feedburner.com,Johnath,Bert,Reitz,counselor,
11/16/2024,S010,wpiller55@nhs.uk,Wilden,Piller,ECS,other,Friends
11/16/2024,S012,fmoyer56@imdb.com,Franny,Moyer,NTI,meeting,
11/16/2024,S012,jpadilla57@prweb.com,Juliana,Padilla,NTI,meeting,
11/16/2024,S140,ndallyn58@deviantart.com,Nerte,Dallyn,Gibson Southern,counselor,
11/16/2024,S092,pashtonhurst59@ebay.com,Paxon,Ashtonhurst,Gibson Southern,meeting,
11/16/2024,S128,gpickett5a@blogs.com,Georgeta,Pickett,Gibson Southern,counselor,
11/16/2024,S116,kgrumble5b@hao123.com,Kessia,Grumble,Gibson Southern,meeting,
11/16/2024,S104,dspoor5c@google.com,Denney,Spoor,Gibson Southern,counselor,
11/16/2024,S385,pdoiley5d@wikia.com,Philippine,Doiley,Gibson Southern,meeting,
11/16/2024,S116,kackroyd5e@simplemachines.org,Karie,Ackroyd,Gibson Southern,meeting,
11/16/2024,S361,lnajara5f@surveymonkey.com,Lauree,Najara,North,relative,
11/16/2024,S080,egiacomo5g@myspace.com,Edwina,Giacomo,Gibson Southern,meeting,
11/16/2024,S056,gpinnick5h@wunderground.com,Gonzales,Pinnick,Gibson Southern,counselor,
11/16/2024,S358,hlambdin5i@fc2.com,Huntington,Lambdin,Central,counselor,
11/16/2024,S068,nhaensel5j@deliciousdays.com,Nedda,Haensel,Harrison,counselor,
11/16/2024,S032,lketts5k@jigsy.com,Llywellyn,Ketts,North,meeting,
11/16/2024,SO44,mdmitriev5l@blogspot.com,Magdalena,Dmitriev,Gibson Southern,meeting,
11/16/2024,S325,cswindles5m@google.co.uk,Cornelia,Swindles,Boonville,counselor,
11/16/2024,S301,glimprecht5n@nps.gov,Granville,Limprecht,North Posey,relative,
11/16/2024,S032,cheater5o@harvard.edu,Carlo,Heater,North,meeting,
11/16/2024,S044,ralexsandrev5p@hud.gov,Rodge,Alexsandrev,Gibson Southern,meeting,
11/16/2024,S313,atroker5q@apache.org,Ailina,Troker,Mater Dei,counselor,
11/16/2024,S029,wcrosgrove5r@marketwatch.com,Wylma,Crosgrove,Gibson Southern,counselor,
11/16/2024,S337,gstreeting5s@virginia.edu,Glori,Streeting,Mt. Vernon,counselor,
11/16/2024,S012,mlivezley5t@angelfire.com,Merwyn,Livezley,NTI,meeting,
11/16/2024,S277,sbrusin5u@google.com.hk,Stu,Brusin,NTI,meeting,
11/16/2024,S313,nbaron5v@bizjournals.com,Nichols,Baron,Mater Dei,counselor,
11/16/2024,S265,mmcvicar5w@businessweek.com,Meris,McVicar,Castle,other,
11/16/2024,S044,gpressland5x@cnet.com,Gale,Pressland,Gibson Southern,meeting,
11/16/2024,S383,ppolk5y@jiathis.com,Papagena,Polk,Castle,relative,
11/16/2024,S241,ycorzon5z@indiatimes.com,Yank,Corzon,North,relative,
11/16/2024,S364,lnardrup60@tamu.edu,Lindon,Nardrup,Castle,relative,
11/16/2024,S253,rgolston61@tiny.cc,Raffarty,Golston,Castle,Social media,
11/16/2024,S395,mgunner62@chronoengine.com,Michal,Gunner,Central,counselor,
11/16/2024,S044,anassey63@e-recht24.de,Arron,Nassey,Gibson Southern,meeting,
11/16/2024,S371,nmcinulty64@deviantart.com,Nikola,McInulty,Boonville,other,
11/16/2024,S217,jbohman65@mozilla.com,Joy,Bohman,Mt. Vernon,counselor,
11/16/2024,S359,gadney66@redcross.org,Gage,Adney,Reitz,counselor,
11/16/2024,S157,kbrugger67@indiegogo.com,Kanya,Brugger,Mater Dei,counselor,
11/16/2024,S347,dhyndes68@harvard.edu,Dynah,Hyndes,Central,counselor,A public speaker at our school
11/16/2024,S181,lturnell69@telegraph.co.uk,Leupold,Turnell,Mater Dei,relative,
11/16/2024,S169,jgavozzi6a@about.com,Jone,Gavozzi,North,website,
11/16/2024,S157,mcalderhead6b@blogs.com,Monroe,Calderhead,Mater Dei,counselor,
11/16/2024,S109,aketch6c@cocolog-nifty.com,Annie,Ketch,Boonville,counselor,
11/16/2024,S335,pibel6d@parallels.com,Phaedra,Ibel,Reitz,counselor,
11/16/2024,S323,mcousin6e@intel.com,Marta,Cousin,Reitz,counselor,
11/16/2024,S311,srubberts6f@goo.gl,Sig,Rubberts,Reitz,counselor,
11/16/2024,S109,kcicutto6g@theatlantic.com,Karalee,Cicutto,Boonville,counselor,
11/16/2024,S299,stakle6h@marriott.com,Solomon,Takle,Reitz,relative,
11/16/2024,S085,mhobbing6i@youtu.be,Mildred,Hobbing,Central,meeting,
11/16/2024,S287,fmacmorland6j@engadget.com,Ferdie,MacMorland,Reitz,meeting,
11/16/2024,S055,cwyrill6k@loc.gov,Charlotta,Wyrill,Princeton,counselor,
11/16/2024,S263,mopdenort6l@ucla.edu,Mathilda,Opdenort,Mt. Vernon,relative,
11/16/2024,S245,bchrismas6m@dmoz.org,Ber,Chrismas,Gibson Southern,counselor,
11/16/2024,S031,bbackwell6n@123-reg.co.uk,Bernadine,Backwell,North Posey,relative,
11/16/2024,S374,ahallaways6o@oaic.gov.au,Angela,Hallaways,Gibson Southern,relative,
11/16/2024,S395,dcrellin6p@soundcloud.com,Dionisio,Crellin,Central,counselor,
11/16/2024,S031,gwrightam6q@cbc.ca,Goldarina,Wrightam,North Posey,relative,
11/16/2024,S049,ashorey6r@chronoengine.com,Angy,Shorey,Harrison,counselor,
11/16/2024,S251,ablandamere6s@google.co.uk,Allissa,Blandamere,North,meeting,
11/16/2024,S049,dgoard6t@godaddy.com,Dagny,Goard,Harrison,counselor,
11/16/2024,S103,agrcic6u@unesco.org,Andie,Grcic,Gibson Southern,counselor,
11/16/2024,S043,wkears6v@netvibes.com,Walsh,Kears,Mt. Vernon,relative,
11/16/2024,S215,mbaswall6w@tripod.com,Marta,Baswall,North Posey,counselor,
11/16/2024,S097,pbootes6x@wufoo.com,Perl,Bootes,North,meeting,
11/16/2024,S073,ycrone6y@bbb.org,Yves,Crone,Harrison,counselor,Law Enforcement officer
11/16/2024,S013,zginner6z@desdev.cn,Zonnya,Ginner,Gibson Southern,relative,
11/16/2024,S215,sdodimead70@google.cn,Shandy,Dodimead,North Posey,counselor,
11/16/2024,S025,rwhetland71@ameblo.jp,Rey,Whetland,Gibson Southern,relative,
11/16/2024,S115,onicklinson72@cnet.com,Ogdon,Nicklinson,Bosse,counselor,
11/16/2024,S115,arablin73@live.com,Adelle,Rablin,Bosse,counselor,
11/16/2024,S037,acordero74@tmall.com,Arch,Cordero,North Posey,relative,
11/16/2024,S145,dgrinaugh75@princeton.edu,Demetra,Grinaugh,North,relative,
11/16/2024,S179,mthorwarth76@blogs.com,Merle,Thorwarth,Gibson Southern,counselor,
11/16/2024,S191,lhelversen77@delicious.com,Lotta,Helversen,Central,meeting,
11/16/2024,S191,rbonifas78@over-blog.com,Rikki,Bonifas,Central,meeting,
11/16/2024,S191,ksollars79@forbes.com,Kizzee,Sollars,Central,meeting,
11/16/2024,S163,bhalfhead7a@google.co.jp,Bambie,Halfhead,North Posey,relative,
11/16/2024,S191,pbaysting7b@nbcnews.com,Pascal,Baysting,Central,meeting,
11/16/2024,S191,bimlock7c@vistaprint.com,Bengt,Imlock,Central,meeting,
11/16/2024,S127,cbagshawe7d@businesswire.com,Chaim,Bagshawe,Gibson Southern,counselor,
11/16/2024,S203,uosborne7e@histats.com,Ulrike,Osborne,Virtual Academy,other,EVSC email
11/16/2024,S155,ejuanico7f@mit.edu,Etheline,Juanico,Gibson Southern,counselor,
11/16/2024,S151,ggrigoryev7g@about.me,Greg,Grigoryev,Gibson Southern,counselor,
11/16/2024,S167,yprose7h@google.com.au,Yolanthe,Prose,Gibson Southern,meeting,
11/16/2024,S191,drubenchik7i@unicef.org,Daron,Rubenchik,Central,meeting,
11/16/2024,S036,vkettlesing7j@boston.com,Verina,Kettlesing,Gibson Southern,meeting,
11/16/2024,S175,rtripe7k@archive.org,Rubetta,Tripe,NTI,Social media,
11/16/2024,S139,langlish7l@xinhuanet.com,Lane,Anglish,Gibson Southern,counselor,
11/16/2024,S155,bscrowby7m@51.la,Bayard,Scrowby,Gibson Southern,counselor,
11/16/2024,S167,rgreensmith7n@reference.com,Rosemaria,Greensmith,Gibson Southern,meeting,
11/16/2024,S211,nburkitt7o@dagondesign.com,Niall,Burkitt,Castle,counselor,
11/16/2024,S346,aimmer7p@chron.com,Alaric,Immer,Harrison,counselor,
11/16/2024,S286,cleindecker7q@bluehost.com,Coralie,Leindecker,Mater Dei,counselor,
11/16/2024,S262,gdunseath7r@typepad.com,Geoffrey,Dunseath,South Spencer,meeting,
11/16/2024,S235,hroome7s@slate.com,Hetti,Roome,Virtual Academy,relative,
11/16/2024,S143,cdupoy7t@flickr.com,Carmencita,Dupoy,North,posters,
11/16/2024,S007,aclavering7u@cisco.com,Allianora,Clavering,Harrison,counselor,
11/16/2024,S227,vsoaper7v@ustream.tv,Valene,Soaper,North,relative,
11/16/2024,S131,ecowoppe7w@instagram.com,Eran,Cowoppe,Castle,counselor,
11/16/2024,S239,ohoulridge7x@163.com,Ora,Houlridge,Central,relative,
11/16/2024,S247,glynn7y@dyndns.org,Gayle,Lynn,Harrison,relative,
11/16/2024,S239,cruffles7z@wsj.com,Corliss,Ruffles,Central,relative,
11/16/2024,S259,jcackett80@reverbnation.com,Josefina,Cackett,NTI,counselor,
11/16/2024,S191,nlitzmann81@wisc.edu,Norina,Litzmann,Central,meeting,
11/16/2024,S223,ncrockford82@pagesperso-orange.fr,Noland,Crockford,Harrison,counselor,
11/16/2024,S295,ahigounet83@nyu.edu,Alfonso,Higounet,Mater Dei,meeting,
11/16/2024,S283,rambrozik84@github.com,Rafferty,Ambrozik,Mater Dei,posters,
11/16/2024,SO60,ctither85@surveymonkey.com,Cyrille,Tither,North,counselor,
11/16/2024,S048,odenyukin86@tumblr.com,Octavia,Denyukin,Harrison,meeting,
11/16/2024,S386,acoldwell87@weebly.com,Ally,Coldwell,Mater Dei,other,
11/16/2024,S190,hgrovier88@newsvine.com,Hughie,Grovier,Boonville,counselor,
11/16/2024,S121,lechallie89@mashable.com,Lana,Echallie,North,,
11/16/2024,S331,wgiacopello8a@un.org,Willard,Giacopello,Harrison,counselor,
11/16/2024,S154,rmcareavey8b@phoca.cz,Reeta,McAreavey,Central,counselor,
11/16/2024,S367,cricarde8c@gravatar.com,Carley,Ricarde,Mater Dei,counselor,
11/16/2024,S379,sbaistow8d@vinaora.com,Sherie,Baistow,Mater Dei,counselor,
11/16/2024,S319,lwrotham8e@dmoz.org,Lil,Wrotham,Virtual Academy,posters,
11/16/2024,S178,dwitcomb8f@nytimes.com,Devondra,Witcomb,Central,posters,
11/16/2024,S047,bsawdon8g@bigcartel.com,Benedikta,Sawdon,Central,counselor,
11/16/2024,S121,belizabeth8h@tiny.cc,Bard,Elizabeth,North,meeting,
11/16/2024,S035,cledger8i@japanpost.jp,Ciel,Ledger,Central,counselor,
11/16/2024,S391,sskeene8j@devhub.com,Shane,Skeene,Gibson Southern,counselor,
11/16/2024,S216,gcorston8k@vk.com,Gertie,Corston,Central,counselor,
11/16/2024,S047,jtipper8l@woothemes.com,Jud,Tipper,Central,counselor,
11/16/2024,S343,estellman8m@usatoday.com,Eustace,Stellman,Castle,other,
11/16/2024,S355,mhallick8n@admin.ch,Maure,Hallick,NTI,counselor,
11/16/2024,S107,jwildor8o@skype.com,Joseito,Wildor,North,counselor,
11/16/2024,S004,ocorringham8p@ucla.edu,Osgood,Corringham,Reitz,relative,
11/16/2024,SO16,ecarncross8q@1688.com,Erwin,Carncross,Bosse,counselor,
11/16/2024,S118,rkeynes8r@pinterest.com,Rollin,Keynes,Harrison,counselor,
11/16/2024,S061,ssnoddin8s@digg.com,Sheridan,Snoddin,Castle,counselor,
11/16/2024,S071,wconman8t@sourceforge.net,Wilton,Conman,Harrison,counselor,
11/16/2024,SO16,pgagie8u@joomla.org,Pammy,Gagie,Bosse,counselor,
11/16/2024,S019,rgoldsmith8v@blinklist.com,Rodge,Goldsmith,North,relative,
11/16/2024,S083,rkindleside8w@chicagotribune.com,Radcliffe,Kindleside,North,meeting,
11/16/2024,S204,pwilman8x@java.com,Petr,Wilman,Harrison,counselor,
11/16/2024,S141,owhightman8y@lulu.com,Otha,Whightman,Central,counselor,
11/16/2024,S059,dmckeaney8z@delicious.com,Danna,McKeaney,Gibson Southern,student,
11/16/2024,S067,kworld90@gmpg.org,Karl,World,ECS,relative,
11/16/2024,S340,gknuckles91@google.ca,Granger,Knuckles,Princeton,counselor,
11/16/2024,S203,tyewdale92@pbs.org,Timothy,Yewdale,Virtual Academy,relative,My parents dragged me here
11/16/2024,S328,cmuris93@networksolutions.com,Carree,Muris,Mater Dei,counselor,
11/16/2024,S340,agath94@deliciousdays.com,Aurlie,Gath,Princeton,counselor,
11/16/2024,S067,dyakovl95@reddit.com,Deerdre,Yakovl,ECS,student,
11/16/2024,SO16,jpele96@topsy.com,Jorgan,Pele,Bosse,counselor,
11/16/2024,S192,mminnock97@accuweather.com,Mordecai,Minnock,Central,counselor,
11/16/2024,S019,spotten98@cdc.gov,Sonny,Potten,North,relative,
11/16/2024,S316,ccannop99@chicagotribune.com,Charlene,Cannop,North,counselor,
11/16/2024,S304,hsmewin9a@buzzfeed.com,Hildegarde,Smewin,Gibson Southern,meeting,
11/16/2024,S340,trizzo9b@google.com,Ted,Rizzo,Princeton,counselor,
11/16/2024,S18O,ppiper9c@squidoo.com,Pennie,Piper,Central,relative,
11/16/2024,S168,apitrollo9d@sun.com,Adolf,Pitrollo,Mt. Vernon,Social media,
11/16/2024,S132,nminthorpe9e@g.co,Nikolos,Minthorpe,Castle,meeting,
11/16/2024,S156,awycliffe9f@shareasale.com,Alfons,Wycliffe,Reitz,counselor,
11/16/2024,S144,zmacalpyne9g@cargocollective.com,Zach,MacAlpyne,North,Social media,
11/16/2024,S093,jbestar9h@i2i.jp,Joshuah,Bestar,North,relative,
11/16/2024,S108,sghilardi9i@answers.com,Salli,Ghilardi,Mater Dei,counselor,
11/16/2024,S120,jwhines9j@epa.gov,Joya,Whines,Gibson Southern,counselor,
11/16/2024,S180,mmcguckin9k@merriam-webster.com,Maryrose,McGuckin,Central,relative,
11/16/2024,S164,nchristoffels9l@tinyurl.com,Neron,Christoffels,Reitz,counselor,
11/16/2024,S129,lpinock9m@i2i.jp,Lonee,Pinock,Other,counselor,Options Fair
11/16/2024,SO28,vbartoszewski9n@deliciousdays.com,Vivienne,Bartoszewski,Central,counselor,
11/16/2024,S067,whamilton9o@uol.com.br,Windham,Hamilton,ECS,student,
11/16/2024,S130,aeilers9p@foxnews.com,Alberta,Eilers,North Posey,meeting,
11/16/2024,S269,hschreurs9q@etsy.com,Harper,Schreurs,North,relative,
11/16/2024,S321,knaisbit9r@nytimes.com,Kenny,Naisbit,Central,counselor,
11/16/2024,S333,bkersley9s@mozilla.com,Blakelee,Kersley,NTI,relative,
11/16/2024,S045,odarley9t@webs.com,Odie,Darley,Mater Dei,relative,
11/16/2024,S309,achoupin9u@huffingtonpost.com,Antone,Choupin,Central,website,
11/16/2024,S188,cantonik9v@myspace.com,Cathe,Antonik,Mater Dei,counselor,Brother attended here for Automotive Repair Technology
11/16/2024,S333,rdeards9w@photobucket.com,Rosalind,Deards,NTI,relative,
11/16/2024,S166,dloffhead9x@huffingtonpost.com,Dicky,Loffhead,Memorial,counselor,
11/16/2024,S164,adawdary9y@goodreads.com,Ashlie,Dawdary,Reitz,relative,
11/16/2024,S176,wtattersall9z@washington.edu,Whitman,Tattersall,Bosse,counselor,
11/16/2024,S152,igavaghana0@yahoo.co.jp,Izabel,Gavaghan,Gibson Southern,counselor,
11/16/2024,S165,hisakowicza1@examiner.com,Humfrid,Isakowicz,Reitz,counselor,
11/16/2024,S153,bthreshera2@surveymonkey.com,Basile,Thresher,Gibson Southern,counselor,
11/16/2024,S007,dzannettia3@delicious.com,Diana,Zannetti,Harrison,counselor,
11/16/2024,S309,fdedenhama4@independent.co.uk,Far,Dedenham,Central,website,
11/16/2024,S096,jcrummiea5@epa.gov,Jan,Crummie,Reitz,counselor,
11/16/2024,S070,lmaliffea6@acquirethisname.com,Lurleen,Maliffe,Central,meeting,
11/16/2024,S165,skinseya7@deliciousdays.com,Sibbie,Kinsey,Reitz,counselor,
11/16/2024,S201,sroskruga8@ihg.com,Stephanie,Roskrug,North,relative,
11/16/2024,SO94,mjouhandeaua9@canalblog.com,Matthus,Jouhandeau,Gibson Southern,counselor,
11/16/2024,S213,bboulgeraa@businesswire.com,Batholomew,Boulger,Gibson Southern,counselor,
11/16/2024,S073,rsaleryab@microsoft.com,Robert,Salery,Harrison,counselor,
11/16/2024,SO81,mjusthamac@lulu.com,Mylo,Justham,Harrison,relative,
11/16/2024,SO69,cswatead@bloglovin.com,Corena,Swate,Harrison,counselor,
11/16/2024,S237,nkopfae@chron.com,Nelli,Kopf,Central,counselor,
11/16/2024,S322,jcarreckaf@businesswire.com,Judi,Carreck,Tecumseh,counselor,
11/16/2024,S228,wkedgeag@friendfeed.com,Winnifred,Kedge,Mater Dei,relative,
11/16/2024,S240,dmatevushevah@eventbrite.com,Demott,Matevushev,Mater Dei,counselor,
11/16/2024,S084,llidgettai@europa.eu,Laurena,Lidgett,Mater Dei,counselor,
11/16/2024,S061,sjenessaj@miitbeian.gov.cn,Stephana,Jeness,Castle,counselor,
11/16/2024,S261,achellamak@dell.com,Alfie,Chellam,North,other,
11/16/2024,S281,bsolomonidesal@altervista.org,Bryn,Solomonides,Tecumseh,counselor,
11/16/2024,S157,espinksam@seesaa.net,Edlin,Spinks,Mater Dei,counselor,
11/16/2024,S249,lfarbracean@noaa.gov,Linoel,Farbrace,North,relative,
11/16/2024,S273,mkeizmanao@sfgate.com,Morgun,Keizman,Memorial,counselor,
11/16/2024,S318,ehaldeneap@sourceforge.net,Elspeth,Haldene,NTI,counselor,
11/16/2024,S375,cgladtbachaq@china.com.cn,Carla,Gladtbach,Reitz,counselor,
11/16/2024,S306,nphinnar@linkedin.com,Nancey,Phinn,Reitz,counselor,
11/16/2024,S270,dkinghorneas@biglobe.ne.jp,Darby,Kinghorne,Castle,counselor,
11/16/2024,S294,pskymat@wikipedia.org,Price,Skym,Home School,other,North Posey High school
11/16/2024,S293,amalterau@cnn.com,Alberik,Malter,ECS,meeting,
11/16/2024,S317,gmaclachlanav@vinaora.com,Gerrie,MacLachlan,North,,
11/16/2024,S282,gpadillaaw@nih.gov,Galven,Padilla,Home School,other,Mail invite about open house - North Posey High School
11/16/2024,S258,qbecarisax@dailymotion.com,Quincy,Becaris,Tecumseh,counselor,
11/16/2024,S246,jclawleyay@github.io,Janel,Clawley,Central,other,EVSC email
11/16/2024,S345,hdraycottaz@state.gov,Hadrian,Draycott,Memorial,counselor,
11/16/2024,S119,srenacb0@mit.edu,Stillmann,Renac,Reitz,relative,
11/16/2024,S357,mdebrettb1@home.pl,Meris,Debrett,Mater Dei,posters,
11/16/2024,S369,sosbandb2@creativecommons.org,Shirlene,Osband,Mater Dei,counselor,
11/16/2024,S305,aagentb3@flickr.com,Anne-corinne,Agent,North,relative,
11/16/2024,S353,darrighib4@tripadvisor.com,Donni,Arrighi,Mt. Vernon,relative,
11/16/2024,S280,cdungeb5@altervista.org,Claiborne,Dunge,Gibson Southern,counselor,
11/16/2024,S179,lglowackib6@yellowpages.com,Luigi,Glowacki,Gibson Southern,counselor,
11/16/2024,S330,cjointb7@weather.com,Carlotta,Joint,NTI,counselor,
11/16/2024,S052,oberreyb8@walmart.com,Oswell,Berrey,Gibson Southern,meeting,
11/16/2024,S369,akeefeb9@hhs.gov,Aggie,Keefe,Mater Dei,counselor,
11/16/2024,S040,abudnkba@360.cn,Arnie,Budnk,NTI,counselor,Because
11/16/2024,S096,psonesbb@rambler.ru,Peri,Sones,Mater Dei,relative,
11/16/2024,S330,tmatteaccibc@google.co.jp,Tilda,Matteacci,NTI,counselor,
11/16/2024,S040,mhaggartbd@sakura.ne.jp,Miriam,Haggart,NTI,counselor,
11/16/2024,S393,eshuardbe@usa.gov,Ethan,Shuard,North,relative,
11/16/2024,S006,mhitzschkebf@ameblo.jp,Maddalena,Hitzschke,NTI,counselor,
11/16/2024,S018,gheasemanbg@i2i.jp,Glenda,Heaseman,North,other,
11/16/2024,S297,kbearnebh@yandex.ru,Klara,Bearne,North,counselor,
11/16/2024,S030,lcredlandbi@wikispaces.com,Lacy,Credland,North,counselor,Family
11/16/2024,S042,cmancebj@answers.com,Carlen,Mance,North,counselor,
11/16/2024,S034,dbishoppbk@dailymail.co.uk,Dionis,Bishopp,Tecumseh,counselor,
11/16/2024,S042,lventonbl@usda.gov,Laney,Venton,North,counselor,
11/16/2024,S120,mlamplughbm@omniture.com,Margeaux,Lamplugh,Gibson Southern,counselor,
11/16/2024,S130,dtinceybn@about.me,Damiano,Tincey,North Posey,meeting,
11/16/2024,S314,salldridgebo@amazon.com,Smitty,Alldridge,North,relative,
11/16/2024,S326,ahearmonbp@uiuc.edu,Adora,Hearmon,North,other,
11/16/2024,S054,tscapensbq@jalbum.net,Toddie,Scapens,Mt. Vernon,counselor,
11/16/2024,S375,rcomettibr@goo.ne.jp,Roxy,Cometti,Reitz,counselor,
11/16/2024,S214,tfanstonebs@wunderground.com,Timmi,Fanstone,Castle,counselor,
11/16/2024,S375,ahamberstonbt@theglobeandmail.com,Andie,Hamberston,Reitz,counselor,
11/16/2024,S338,wtolomeibu@mtv.com,Witty,Tolomei,Central,meeting,My aunt attended
11/16/2024,S298,nsumptonbv@bluehost.com,Nananne,Sumpton,Central,counselor,
11/16/2024,S288,rjaherbw@skyrock.com,Ricky,Jaher,Other,relative,
11/16/2024,S040,lklimkiewichbx@epa.gov,Luther,Klimkiewich,NTI,counselor,
11/16/2024,S394,agrimstonby@wp.com,Angel,Grimston,Mater Dei,meeting,
11/16/2024,S040,khusbandbz@addthis.com,Kenon,Husband,NTI,counselor,
,442,cmarchingtonc0@usgs.gov,Clarette,Marchington,Reitz,,
,443,friseamc1@cnn.com,Faun,Riseam,ECS,,
,444,ggamlenc2@thetimes.co.uk,Goraud,Gamlen,North,,
,445,hkearsc3@vimeo.com,Heidie,Kears,Harrison,,
,446,gabelovc4@nasa.gov,Gianna,Abelov,Mater Dei,,
,447,mcaultonc5@parallels.com,Michaela,Caulton,Gibson Southern,,
,448,ktullochc6@w3.org,Keene,Tulloch,Central,,
,449,dstanierc7@si.edu,Drugi,Stanier,Gibson Southern,,
,450,etomaskunasc8@pbs.org,Estella,Tomaskunas,Reitz,,
,451,dhambrookc9@house.gov,Dolley,Hambrook,Bosse,,
,452,spanyerca@taobao.com,Skippy,Panyer,Virtual Academy,,
,453,dniesingcb@aol.com,Drusy,Niesing,Gibson Southern,,
,454,hbebbellcc@dot.gov,Holli,Bebbell,Reitz,,
,455,awestrawcd@cnbc.com,Alisun,Westraw,Gibson Southern,,
,456,stincombece@archive.org,Susan,Tincombe,North,,
,457,sskittrealcf@springer.com,Sigrid,Skittreal,North,,
,458,orennoldscg@ameblo.jp,Opalina,Rennolds,Mt. Vernon,,
,459,aambrogettich@de.vu,Andi,Ambrogetti,Reitz,,
,460,markellci@cdbaby.com,Maris,Arkell,Gibson Southern,,
,461,aavrahamoffcj@cdc.gov,Arne,Avrahamoff,South Spencer,,
,462,nmoulsterck@slate.com,Neely,Moulster,South Spencer,,
,463,ssabathecl@smugmug.com,Sybilla,Sabathe,Mt. Vernon,,
,464,cbruckcm@shutterfly.com,Cissy,Bruck,Boonville,,
,465,tbastidecn@ow.ly,Tonnie,Bastide,Gibson Southern,,
,466,kfrentzco@ucoz.com,Karlens,Frentz,North,,
,467,asewtercp@time.com,Asia,Sewter,North,,
,468,rennevercq@whitehouse.gov,Randi,Ennever,Harrison,,
,469,pmuffcr@marketwatch.com,Pammi,Muff,North,,
,470,hletchercs@seattletimes.com,Hynda,Letcher,Harrison,,
,471,kmullanyct@usda.gov,Katine,Mullany,North,,
,472,wbollinscu@wsj.com,Westley,Bollins,Reitz,,
,473,dleveridgecv@linkedin.com,Dalis,Leveridge,Reitz,,
,474,bfairburncw@yellowbook.com,Brenn,Fairburn,Harrison,,
,475,rkaascx@wsj.com,Rosmunda,Kaas,Reitz,,
,476,dcondictcy@fc2.com,Dannie,Condict,Central,,
,477,mbruinscz@webeden.co.uk,Maximilian,Bruins,Boonville Christian,,
,478,jparsandd0@ovh.net,Jany,Parsand,NTI,,
,479,gpatised1@tiny.cc,Glyn,Patise,NTI,,
,480,sscrivind2@constantcontact.com,Shelly,Scrivin,Reitz,,
,481,cmeralid3@free.fr,Clyve,Merali,Castle,,
,482,sstensond4@arizona.edu,Skell,Stenson,North,,
,483,fspired5@nasa.gov,Forest,Spire,Central,,
,484,dmullallyd6@uol.com.br,Dayle,Mullally,North,,
,486,ldiboldid8@oracle.com,Lulita,Di Boldi,Bosse,,
,487,nliverd9@yolasite.com,Natty,Liver,Mater Dei,,
,488,cthornhamda@china.com.cn,Costa,Thornham,Memorial,,
,489,ijimedb@businesswire.com,Inigo,Jime,Reitz,,
,490,ebuggsdc@about.me,Ethelbert,Buggs,Mt. Vernon,,
,491,pmalarkeydd@mayoclinic.com,Pasquale,Malarkey,Mater Dei,,
,492,rwickwarthde@addthis.com,Renee,Wickwarth,North,,
,493,nmartynsdf@java.com,Nana,Martyns,Mater Dei,,
,496,wghiodi@google.es,Wilone,Ghio,Gibson Southern,,
,497,ckeelerdj@google.it,Cicily,Keeler,Reitz,,
,498,wwilsteaddk@hexun.com,Winna,Wilstead,South Spencer,,
,499,hclendennendl@geocities.com,Huntlee,Clendennen,Central,,
,500,eharwindm@artisteer.com,Eleen,Harwin,North,,
,501,cnussgendn@china.com.cn,Chrissy,Nussgen,Princeton,,
,502,iomanniondo@netscape.com,Ilysa,O'Mannion,Mater Dei,,
,503,aroachdp@time.com,Ashlie,Roach,Castle,,
,504,egentirydq@examiner.com,Elsy,Gentiry,Boonville,,
,505,anormadelldr@admin.ch,Arnaldo,Normadell,North,,
,506,othackwrayds@sohu.com,Osbert,Thackwray,North,,
,507,bclealdt@macromedia.com,Bibi,Cleal,Castle,,
,508,chovedu@purevolume.com,Clay,Hove,Mater Dei,,
,509,zlammertsdv@berkeley.edu,Zsa zsa,Lammerts,Gibson Southern,,
,510,tjenkyndw@usnews.com,Tammie,Jenkyn,Castle,,
,511,apiborndx@zimbio.com,Arabela,Piborn,Castle,,
,512,tkiwitzdy@trellian.com,Tab,Kiwitz,Castle,,
,514,ahannane0@opera.com,Annmaria,Hannan,Reitz,,
,515,jothame1@github.com,Joshuah,Otham,Gibson Southern,,
